,epochs,batch_size,n_layers_NN,start_density,dropout,accuracy
0,25,64,3,100,0.2,0.5895892341527731
1,25,128,3,100,0.1,0.6386262479458954
2,25,64,3,300,0.2,0.6216525322256996
3,25,32,2,300,0.3,0.6017012251683884
4,25,64,2,300,0.1,0.5897268625945163
5,25,32,3,200,0.2,0.6097676281389606
6,25,128,2,300,0.2,0.648268496574428
7,25,128,3,200,0.1,0.638042703352904
8,25,128,2,100,0.3,0.6393990316462839
9,25,32,2,100,0.2,0.5562157133144507
